grupo,fluorescencia
Controle,4.028343265458714
Controle,3.6203818352110693
Controle,4.3732827754100345
Controle,5.862393472382759
Controle,5.953125045376087
Controle,5.513085420097293
Controle,5.725095786847997
Controle,5.5161782871149585
Controle,4.3585184047770476
Controle,5.431922544673941
Controle,5.800409525227682
Controle,5.754291329813574
Controle,6.1889133714746425
Controle,5.708303847201064
Controle,5.351448207541583
Controle,6.070150238316428
Controle,4.97347874075094
Controle,4.118125348772282
Controle,4.836933036056236
Controle,4.255097355193551
Controle,4.324821725025618
Controle,4.8554813292844825
Controle,4.207580079000039
Controle,4.69203847036096
Controle,3.106385333046214
Controle,5.213293707372938
Controle,5.001205475362224
Controle,4.182911368931809
Controle,5.659245668432405
Controle,5.937570137626558
Controle,3.392440135631026
Controle,4.237275221433785
Controle,4.230857650212702
Controle,4.0600968988911355
Controle,5.829474841931749
Controle,4.8061738612271965
Controle,4.735485158689389
Controle,2.9961376355932465
Controle,5.635418030209227
Controle,3.7607416051465274
Controle,5.059932630266328
Controle,5.277376937958191
Controle,6.360658595838651
Controle,3.691179600880888
Controle,1.9804878441791747
Controle,5.183849544753695
Controle,6.800511181510854
Controle,6.238946352939437
Controle,5.209659415274626
Controle,4.508363814367953
Controle,5.80712259663731
Controle,4.026453800295531
Controle,5.476357769356219
Controle,5.505470159166627
Controle,6.06020990749888
Controle,7.759660038911077
Controle,5.392415967178767
Controle,4.491036374292501
Controle,4.974425687808005
Controle,3.2309240951108817
Controle,4.305286868910942
Controle,4.590717561886896
Controle,4.475911602065407
Controle,5.152354872033722
Controle,4.177580067617799
Controle,6.121030667324471
Controle,5.000207064918197
Controle,4.990699678861386
Controle,4.672105283487082
Controle,5.155190683858979
Controle,5.825098264667635
Controle,4.1328697842891
Controle,4.341883510924744
Controle,4.696273971223335
Controle,3.654129076526785
Controle,4.180742140278502
Controle,4.523779126455341
Controle,5.874389180712727
Controle,5.262561329001925
Controle,5.193589911367544
Controle,5.850897962167972
Controle,4.862628211600604
Controle,5.39046484992889
Controle,4.896778247067504
Controle,5.265362349399629
Controle,4.417241342388418
Controle,2.561182841723571
Controle,4.865720837813696
Controle,6.4227481360999406
Controle,5.926215402241592
Controle,5.965397484591171
Controle,6.236130721806218
Controle,5.0886575909614375
Controle,5.197315707405596
Controle,4.38234810456565
Controle,4.683927143972951
Controle,5.615771149771142
Controle,6.203884437168816
Controle,4.860553724319001
Controle,4.549810735148588
Tratamento1,7.000633550627917
Tratamento1,7.721448098714938
Tratamento1,5.26737422063975
Tratamento1,4.244582856235315
Tratamento1,6.3393557806100995
Tratamento1,5.535145088903009
Tratamento1,6.390231762823227
Tratamento1,6.8226636174190345
Tratamento1,6.456101909172384
Tratamento1,8.742961041364895
Tratamento1,7.392093717522784
Tratamento1,7.360569231532994
Tratamento1,7.746648572852083
Tratamento1,5.633400258663077
Tratamento1,8.246934144904323
Tratamento1,6.909082856157448
Tratamento1,7.8045767406894555
Tratamento1,5.713771320351814
Tratamento1,5.135489480780723
Tratamento1,7.981467589630034
Tratamento1,7.45169143131702
Tratamento1,5.917538134770988
Tratamento1,5.956404302470367
Tratamento1,8.350521741297722
Tratamento1,5.572705728559207
Tratamento1,8.971207543907155
Tratamento1,5.919255118422558
Tratamento1,7.7660703107300595
Tratamento1,6.605657829101219
Tratamento1,7.723824917298812
Tratamento1,6.347063197462969
Tratamento1,6.804648512713247
Tratamento1,7.049103010474865
Tratamento1,5.7973750530622326
Tratamento1,7.888989214504151
Tratamento1,6.384143720234098
Tratamento1,6.725680101591978
Tratamento1,5.806780750469786
Tratamento1,3.9251996094456274
Tratamento1,6.770766684879797
Tratamento1,9.895138505935499
Tratamento1,7.9415251454776286
Tratamento1,6.976887544318727
Tratamento1,6.684531004950079
Tratamento1,7.026959071374455
Tratamento1,7.656542938210252
Tratamento1,5.583024621629386
Tratamento1,8.337186033602647
Tratamento1,7.858457578529493
Tratamento1,7.8618228708495215
Tratamento1,7.5261708865716725
Tratamento1,7.023539989232788
Tratamento1,7.8074334831601835
Tratamento1,7.710176960489654
Tratamento1,6.5751511468707715
Tratamento1,6.311677872523719
Tratamento1,7.122227554314384
Tratamento1,8.858824181794224
Tratamento1,5.513071509215319
Tratamento1,5.238969681097072
Tratamento1,7.19771300948382
Tratamento1,7.0610652422272215
Tratamento1,7.20800999724449
Tratamento1,7.2927438374902005
Tratamento1,6.732157294438234
Tratamento1,8.787836126322498
Tratamento1,5.078915225828181
Tratamento1,6.005803570263705
Tratamento1,6.876094287821143
Tratamento1,5.028173426614999
Tratamento1,6.7889747146815145
Tratamento1,8.993764198873622
Tratamento1,7.025063785955155
Tratamento1,7.2768410868624205
Tratamento1,5.487802281792904
Tratamento1,6.260366310352627
Tratamento1,6.549764343611276
Tratamento1,6.618741883892519
Tratamento1,8.537972554004522
Tratamento1,7.669229272870149
Tratamento1,5.666250451675562
Tratamento1,7.295805734118406
Tratamento1,7.597866098196143
Tratamento1,8.36817884622552
Tratamento1,8.896648823882048
Tratamento1,5.781886969806558
Tratamento1,6.026970986547594
Tratamento1,5.49090656930246
Tratamento1,6.7191761690716225
Tratamento1,7.559630049335602
Tratamento1,8.184801419906922
Tratamento1,6.908858771628973
Tratamento1,6.616182972094188
Tratamento1,7.182109590698489
Tratamento1,5.997828518043972
Tratamento1,9.507446466033727
Tratamento1,5.07080676745833
Tratamento1,7.221688694674869
Tratamento1,9.428327463075567
Tratamento1,7.008159813471997
Tratamento2,4.619921929997011
Tratamento2,4.285109154379145
Tratamento2,4.639216636475185
Tratamento2,7.745696949353061
Tratamento2,0.5762761773409864
Tratamento2,8.066867402592651
Tratamento2,2.15208569509971
Tratamento2,4.46669534153117
Tratamento2,4.141511159402676
Tratamento2,6.177106539541439
Tratamento2,1.8037512962325049
Tratamento2,5.9243453321638855
Tratamento2,9.048619246573704
Tratamento2,2.273651990814379
Tratamento2,5.379412335220791
Tratamento2,3.676035644406782
Tratamento2,5.851774412386072
Tratamento2,5.038295554831504
Tratamento2,3.717026181911381
Tratamento2,5.975744569742148
Tratamento2,8.608696219573487
Tratamento2,4.618192416545402
Tratamento2,6.439515884296364
Tratamento2,2.4134540842576726
Tratamento2,3.0871272463639823
Tratamento2,5.9448125557607545
Tratamento2,7.96823205707193
Tratamento2,5.71122669757132
Tratamento2,4.373883938953691
Tratamento2,4.998582810846708
Tratamento2,2.499184532060565
Tratamento2,6.209030652710734
Tratamento2,6.764666124646818
Tratamento2,4.095819334333839
Tratamento2,4.059915704480997
Tratamento2,5.531756459304097
Tratamento2,4.126560527918809
Tratamento2,4.867734770748355
Tratamento2,9.199443578333032
Tratamento2,4.505948598508007
Tratamento2,4.283319695957555
Tratamento2,3.7049163887296817
Tratamento2,6.4883839429998735
Tratamento2,4.637551653563794
Tratamento2,3.701253923357148
Tratamento2,7.642608064546025
Tratamento2,7.839206009027274
Tratamento2,3.7991528685225897
Tratamento2,1.2669200972787675
Tratamento2,7.015027379673844
Tratamento2,3.630740348479992
Tratamento2,6.581251198325537
Tratamento2,1.059792364576329
Tratamento2,6.785194676598619
Tratamento2,2.5776561414384376
Tratamento2,6.461528238133049
Tratamento2,5.028546135672868
Tratamento2,3.0921211612067103
Tratamento2,4.185927374146439
Tratamento2,6.372636913913402
Tratamento2,5.211788906230469
Tratamento2,6.168825960944968
Tratamento2,8.95288116903097
Tratamento2,1.8715167765778973
Tratamento2,8.234425149937248
Tratamento2,5.208711875046426
Tratamento2,3.2024319033537436
Tratamento2,2.3393727485220204
Tratamento2,4.621759218445933
Tratamento2,6.843300223848919
Tratamento2,4.744901759244931
Tratamento2,8.022309860494694
Tratamento2,2.0976486198968822
Tratamento2,4.975822104307891
Tratamento2,2.495213111173762
Tratamento2,5.727263765249936
Tratamento2,6.773774780194601
Tratamento2,4.158476412637894
Tratamento2,-0.20842771325426845
Tratamento2,5.397896293592989
Tratamento2,5.873477103467019
Tratamento2,5.8085895099233955
Tratamento2,7.471564383644308
Tratamento2,2.8578926407019023
Tratamento2,6.360432210900899
Tratamento2,7.385015024955949
Tratamento2,1.4428248319869663
Tratamento2,5.639303651837954
Tratamento2,3.991640337984657
Tratamento2,4.836954653796708
Tratamento2,5.695352967076673
Tratamento2,4.025542871772895
Tratamento2,3.6485838416767766
Tratamento2,5.0683048349760496
Tratamento2,2.8255081222743947
Tratamento2,2.828349742229629
Tratamento2,6.358746565913007
Tratamento2,2.702411929682688
Tratamento2,6.332625001818424
Tratamento2,5.925182585707902
